"Circles","The Stories We Are Afraid of, Vol. 1","2022-11-25","single","Wild Thing Records","239phSIKZTJKZ3OaXe63vQ"
"In The Woods...","Diversum","2022-11-25","album","Soulseller","395PGtLKWOIa5iXNpy3fhK"
"Rome","Hegemonikon - A Journey to the End of Light","2022-11-25","album","Trisol","5Yhce2yy5ehIY8ZYthSNY3"
"Rise to the Sky","Stay With Me When You're Gone","2022-11-18","album","Tragedy Productions","6eA29mwxGtaIlOLC9KYuwP"
"Disturbed","Divisive","2022-11-18","album","Reprise","592wLCECATlzgwiEWTOPEa"
"Threshold","Dividing Lines","2022-11-18","album","Nuclear Blast","7knrgJVj2Q95gEecolDfeR"
"Antimatter","A Profusion of Thought","2022-11-18","album","Music in Stone","6P83JPvL9LTJ9wp8RH1cWg"
"Soen","ATLANTIS","2022-11-18","album","Silver Lining Music","3gcHMRbF8AABu6cokrr8WT"
"The Smashing Pumpkins","ATUM - Act I","2022-11-15","album","Martha's Music","6lnwneHwAQkzRdRLf4W10i"
"Backxwash","HIS HAPPINESS SHALL COME FIRST EVEN THOUGH WE ARE SUFFERING","2022-11-14","album","Ugly Hag Records","3hcIiisDhA18vwTG7ZDvqL"
"Drudkh","All Belong to the Night","2022-11-11","album","Season of Mist","1iorfnXseadchyorGIKjuI"
"Constellatia","Magisterial Romance","2022-11-11","album","Season of Mist","6xOoAytHsYdsaM56VhycuB"
"Plaid","Feorm Falorx","2022-11-11","album","Warp Records","4nSEyqfjkvxdI8m5UGrX41"
"Hidden Orchestra","Creaks: Bonus, Live & Remixes","2022-11-11","album","Minority Records s.r.o.","5UeEfdcJ2fxq4DiEN4av0W"
"Samoe Bolshoe Prostoe Chislo","Ничего больше нет","2022-11-04","album","СБПЧ","0QzZhmKrbfvAcyod8fvAzW"
"Horse Lords","Comradely Objects","2022-11-04","album","RVNG Intl.","77I9CjThngVCVpPtvC67yp"
"Spoon","Lucifer On The Moon","2022-11-04","album","Matador","7ltJTN6vVRjhza6JR2sEnx"
"96 Bitter Beings","Synergy Restored","2022-11-04","album","Nuclear Blast","0gi7jMNK3PbiFHsPI9pDol"
"CoH","COH meets Abul Mogard","2022-11-04","album","Houndstooth","5wtluyqwNU9heobgUH7vz2"
"God Is An Astronaut","Somnia","2022-11-04","album","God Is An Astronaut","7DLHoRDwYZyJzA9voHj7pf"
"µ-Ziq","Hello","2022-11-04","album","Planet Mu Records Ltd.","08Gm9prcQbqNhcSVfQKey9"
"Tundra Art Ensemble","Всех скорбящих радость","2022-11-03","album","Gorelovo","3Dgfbw9rqJ08IOeZpRe76T"
"Maps and Diagrams","Occupying Space","2022-10-29","album","Handstitched*","6Q2WK7WUxytMuSnz4ntQ7b"
"Darkthrone","Astral Fortress","2022-10-28","album","Peaceville Records","0BKXemLWwkU9t6KiYCdVzj"
"Theo Parrish","DJ-Kicks: Theo Parrish","2022-10-28","album","!K7 Records","1V5YIHKqKdsQDdVQURKk02"
"Show Me the Body","Trouble The Water","2022-10-28","album","Loma Vista Recordings","1sgYQT8SDu5pjb0MPPqs3t"
"Fear Factory","Recoded","2022-10-28","album","Nuclear Blast","3vpzVxP7HSddMo2IOtgjLj"
"Palaye Royale","Fever Dream","2022-10-28","album","Sumerian Records","4UChZRTVQgPn9AZSak3X4h"
"Solitary Experiments","Transcendent","2022-10-28","album","Out of Line Music","6dV6YVng67lQX10hbS3i7f"
"Fit For A King","The Hell We Create","2022-10-28","album","Solid State Records","6eC2kXPm1Nrb6kbtuPpc4D"
"Fractal Architect","Oumuamua","2022-10-28","album","Cinematique","770BHvGPI3pFf4Hs0tuCbj"
"Brutus","Unison Life","2022-10-21","album","Sargent House","60DKd6JfoatLAE9c2z03ac"
"Simple Minds","Direction of the Heart","2022-10-21","album","BMG Rights Management (UK) Limited","063hza1hher89jalSnmgd6"
"Noise Unit","Cheeba City Blues","2022-10-21","album","Artoffact Records","0g6uOwS0XiXAMTi68lBMP5"
"The Otolith","Folium Limina","2022-10-21","album","BLUES FUNERAL RECORDINGS","1wSj2n7kBol86cHIzIwpjS"
"Arctic Monkeys","The Car","2022-10-21","album","Domino Recording Co","2GROf0WKoP5Er2M9RXVNNs"
"O.R.k.","Screamnasium","2022-10-21","album","Kscope","2h2fadv597ZAOrikICBvXJ"
"Avantasia","A Paranormal Evening with the Moonflower Society","2022-10-21","album","Nuclear Blast","2iJh6o9qiZHBukshvWoRXI"
"Killing Joke","Hosannas from the Basements of Hell (Deluxe)","2022-10-21","album","Cooking Vinyl Limited","450xnbRfPFm1fSSiL5EFrX"
"Lost in Kiev","Rupture","2022-10-21","album","Pelagic Records","4pmfgV1bCb8AsfrXbH7JSc"
"Architects","the classic symptoms of a broken spirit","2022-10-21","album","Epitaph","5ncQrFYuAZYrNcbzbJjgL4"
"cleopatrick","DOOM","2022-10-21","single","Nowhere Special Recordings","6yAkt0vfWLVTgkcvp5dVio"
"Red Hot Chili Peppers","Return of the Dream Canteen","2022-10-14","album","Warner Records","0KJc9ksnoJJsdpQxV3z5i1"
"We Came As Romans","Darkbloom","2022-10-14","album","SHARPTONE","15q7078X1sRf9ivhEnv1tm"
"Birds in Row","Gris Klein","2022-10-14","album","SIVIANA, RED CRK AB","19DOARmoP1fongIfEjg80g"
"Lorna Shore","Pain Remains","2022-10-14","album","Century Media","1WuqlDJb7Z2ipBhM6ww7QI"
"Lacuna Coil","Comalies XX","2022-10-14","album","Century Media","3bNmQxUHeb14nG9y3sxjqD"
"Rival Consoles","Now Is","2022-10-14","album","Erased Tapes","5volqabPjMCyMnT1GZKYgz"
"Lost Society","If The Sky Came Down","2022-10-07","album","Nuclear Blast","0Af2e0rKhhsyAz83qsZzIF"
"Queensrÿche","Digital Noise Alliance","2022-10-07","album","Century Media","0AjjVxJ8KkGrrRImHUlC3r"
"Tantsy Minus","Круги","2022-10-07","single","Первое музыкальное","0Xk0gW41MAgvVbUQOTSMrH"
"Mark Guiliana","the sound of listening","2022-10-07","album","Edition Records","10LpNn6t8QZbbOIWqGTiEN"
"Lamb of God","Omens","2022-10-07","album","Nuclear Blast","2lq8ePf2hVkaBohPPwrwJc"
"The Cult","Under The Midnight Sun","2022-10-07","album","Black Hill Records","6yUltme6Sb7ErFkqJ1TgQh"
"Bush","The Art Of Survival","2022-10-07","album","BMG Rights Management (US) LLC","7lDTe11so67WdsLFd25dwi"
"Mythic Sunship","Light/Flux","2022-09-30","album","Tee Pee Records","2cx6X8M5ekTiKlDjQFoyg0"
"Björk","Fossora","2022-09-30","album","One Little Independent Records","0KVdzmHHGGE8STv19uYPiL"
"billy woods","Church","2022-09-30","album","Backwoodz Studioz","198XzYmyK8nPLHKRhFl3Z7"
"Avantdale Bowling Club","TREES","2022-09-30","album","Years Gone By","43yKCotoaAWwVpPmtFnx8a"
"Décembre Noir","Pale Serenades","2022-09-30","single","Lifeforce Records","4yKiCIec9f3MKDQjTv9Z1m"
"Camilla George","Ibio-Ibio","2022-09-30","album","Ever Records","0qIUtII533DzbMMVXmvGuC"
"Snarky Puppy","Empire Central","2022-09-30","album","GroundUP Music LLC","17sDfQwRab5dr2aVsgu1IA"
"Drowning Pool","Strike A Nerve","2022-09-30","album","Drowning Pool 2020","1xSSkN2xi3XUZoSUKov941"
"The Bad Plus","The Bad Plus","2022-09-30","album","Edition Records","2HJRygVKWnWiFPnFbOmZLl"
"Pixies","Doggerel","2022-09-30","album","Infectious Music","2Z7bVVJJrnoLILscuubJIU"
"Slipknot","The End, So Far","2022-09-30","album","Roadrunner Records","3hWTXO0w02D6YpVRyLRmQz"
"Nicholas Craven","Fair Exchange No Robbery","2022-09-30","album","Nicholas Craven Productions","4jpTuerIpgU77hzRCfcXZj"
"Denzel Curry","Melt My Eyez See Your Future (The Extended Edition)","2022-09-30","album","Loma Vista Recordings","5eXL40WFKPjdCw0NZrRcJI"
"Yeah Yeah Yeahs","Cool It Down","2022-09-30","album","Secretly Canadian","7ug0WdvzC2sLXTrtHUwNsj"
"Frayle","Skin & Sorrow","2022-09-23","album","Aqualamb Records","0Pmek3Uloo14hYzHMiVjek"
"Our Last Night","Empires Fall (Deluxe)","2022-09-23","album","OLN RECORDINGS","0YCIIG3Q3vcabdfkajqcZE"
"Stratovarius","Survive","2022-09-23","album","earMUSIC","1A8SZuGMMox79UUIJysrCo"
"Makaya McCraven","In These Times","2022-09-23","album","International Anthem/Nonesuch","1HZw70A6Y71aDRIkPtW7e0"
"The Comet Is Coming","Hyper-Dimensional Expansion Beam","2022-09-23","album","Impulse!","1XPsJnIVMjOt04rczMWVO4"
"Editors","EBM","2022-09-23","album","Play It Again Sam","2ryzJ0KOQ7ufwsfhrZloCZ"
"Birds in Row","Noah / Cathedrals","2022-09-21","single","SIVIANA, RED CRK AB","6tvW07P11nspB1dyDdRHjU"
"Pink Floyd","Animals (2018 Remix)","2022-09-16","album","Columbia/Legacy","0Unhg884FzoZhVWyrMvtAG"
"Electric Callboy","TEKKNO","2022-09-16","album","Century Media","1RCinQ2MnD8yNRsXKpeKFg"
"Death Cab for Cutie","Asphalt Meadows","2022-09-16","album","Atlantic Records","2PIWPTOIxbaVSjTnc30vXS"
"IAMX","Mile Deep Hollow Tour 2019","2022-09-16","album","UNFALL","62q1TzaTq68PkNouTJ8dlE"
"Infected Mushroom","IM25","2022-09-16","album","Monstercat","6YEjK95sgoXQn1yGbYjHsp"
"Irist","Gloria","2022-09-16","single","Nuclear Blast","6mEw3iGVqLyxHpIhXSWftT"
"The Mars Volta","The Mars Volta","2022-09-16","album","Clouds Hill","6teekrqj0fRPceftGFToBR"
"Suede","Autofiction","2022-09-16","album","BMG Rights Management (UK) Limited","6wwmFYghPYQzY9BP7uiZFs"
"Apoptygma Berzerk","Black Pawn (B-Sides & Rarities)","2022-09-16","album","Pitch Black Drive","7eG8P6aq5xy6tfxBHxn2Y8"
"The Retaliators","The Retaliators (Music from the Motion Picture)","2022-09-16","compilation","Better Noise Music","0AVXaODN5ZfCP675t8tMQo"
"Al-Qasar","Who Are We?","2022-09-16","album","Glitterbeat Records","2MifonoPEch8KLHXST1zuW"
"Ka","Languish Arts","2022-09-16","album","Iron Works Records","2mvvQ1WnfeB5tduglyPCrz"
"Gogol Bordello","Solidaritine","2022-09-16","album","Cooking Vinyl Limited","2rM6f1dL1YCmxAtUGBbEAN"
"Weeping Wound","idontbelonghere.","2022-09-16","single","Weeping Wound","3KCimKzlrshcxEx3n7ycad"
"House Of Lords","Saints and Sinners","2022-09-16","album","Frontiers Records s.r.l.","3YU65pbifLS6ucd5EtFUoC"
"Behemoth","Opvs Contra Natvram","2022-09-16","album","Nuclear Blast","4HJqsD4Aw2HHa24liDoxFe"
"The Devil Wears Prada","Color Decay","2022-09-16","album","Solid State Records","5H93Egq9XH6M9R1mkxQDch"
"Djo","DECIDE","2022-09-16","album","Djo","5rJBH4rmxpqXaDf8E1Mgse"
"Lybica","Lybica","2022-09-16","album","Metal Blade Records","7GGzrKBlbrgfLij5NIqusg"
"The Necromancers","Where the Void Rose","2022-09-16","album","iMD-The Necromancers","7aq9MjK3UtGZlEXNASzxqM"
"Lorna Shore","Pain Remains I: Dancing Like Flames","2022-09-14","single","Century Media","2HRhcuqmyel4Zn92eeE3Cg"
"Highly Suspect","The Midnight Demon Club","2022-09-09","album","Roadrunner Records/FRKST","0SWbz68LauoDrMdgdNv6gr"
"Holy Fawn","Dimensional Bleed","2022-09-09","album","Triple Crown Records under exclusive license to Wax Bodega","1P7aLqfoIPEfSO6GiOFI5z"
"Loscil","Stases","2022-09-09","album","Loscil","2UFxxNRZGthaihNR5PB6oH"
"Crippled Black Phoenix","Banefyre","2022-09-09","album","Season of Mist","2qUu76qcYJEtd5F85BBi2E"
"Parkway Drive","Darker Still","2022-09-09","album","Epitaph","36McCMdCRYn5j6iSMiqdG4"
"KMFDM","HYËNA","2022-09-09","album","Metropolis Records","3S4k4I4hvcCiLExpGaSPUa"
"Manic Street Preachers","Know Your Enemy (Deluxe Edition)","2022-09-09","album","Columbia","3rTCCgFGBOc8iQ3yminJWL"
"Flume","Palaces : The Remixes, Pt. 2","2022-09-09","single","Future Classic","40p5qaIMZREYF9S6vKzFf5"
"Ozzy Osbourne","Patient Number 9","2022-09-09","album","Epic","4u1LXToDGOdhDDf4c9zeqb"
"The Afghan Whigs","How Do You Burn?","2022-09-09","album","BMG Rights Management (US) LLC","5NNSzyfijQanFSfpSSSuAp"
"Fallujah","Empyrean","2022-09-09","album","Nuclear Blast","5vBUDHMCdEqNJglh1OKwMb"
"Blind Guardian","The God Machine","2022-09-02","album","Nuclear Blast","4aoy2NnmDpWvjWi9taOHYe"
"Two Door Cinema Club","Keep On Smiling","2022-09-02","album","Lower Third","1PKL24mnakuCYCZkHgKgwJ"
"Megadeth","The Sick, The Dying… And The Dead!","2022-09-02","album","AG Records (Megadeth) 2017","1ziUtOuRT545OI4cnHEMhC"
"Калинов Мост","Холсты","2022-09-02","album","Navigator Records","2HaUjMHliPYSK5AJw9YLLu"
"The Callous Daoboys","Celebrity Therapist","2022-09-02","album","eOne Rock","3AXdvdFv3yoEyVD9UH2h1B"
"Miss May I","Curse Of Existence","2022-09-02","album","SHARPTONE","7GiQ5guVJwb7hScDnhfsAW"
"Becoming The Archetype","Children of the Great Extinction","2022-08-26","album","Solid State Records","2SA3bSOoifkAkpCMfS90Sb"
"Long Distance Calling","Eraser","2022-08-26","album","earMUSIC","3LO2pVdZ124aiakE6Ecadd"
"JID","The Forever Story","2022-08-26","album","Dreamville/Interscope","3QVjpIxcksDkJmOnvlOJjg"
"Lonely Robot","A Model Life","2022-08-26","album","InsideOutMusic","3deZ3RqZAk69HiiKEGlc25"
"Blackbraid","Blackbraid I","2022-08-26","album","Blackbraid","4QIrLGsFHl9Q6WxajyQSH6"
"Grave Digger","Symbol Of Eternity","2022-08-26","album","Rock Of Angels Records","5hDXaCjUb2AuA2Ik02s9Zh"
"Muse","Will Of The People","2022-08-26","album","Warner Records","5qK8S5JRF8au6adIVtBsmk"
"Lacrimas Profundere","How to Shroud Yourself with Night","2022-08-26","album","Steamhammer","64acOLJDFCr9mA2sTbp5Cx"
"Machine Head","ØF KINGDØM AND CRØWN","2022-08-26","album","Nuclear Blast","6duwuU8xgK7ShKMCrUxfBi"
"Dynazty","Final Advent","2022-08-26","album","AFM Records","6wQoTtGL2EQk6p1V9VZH6V"
"Rival Consoles","El Caso Figo (Original Motion Picture Soundtrack)","2022-08-25","album","Erased Tapes Music","75YNOhNpjEsAG4ktyJjqLy"
"Золотые зубы","Страна радости","2022-08-19","album","Пульт","21rKZ39ObK5gl8iC30twGl"
"Soilwork","Övergivenheten","2022-08-19","album","Nuclear Blast","0rDa03O4WaF16aoQffkPDF"
"Tommy Vext","Grand Theft Audio","2022-08-19","album","One A Records","2rIcbFEeEcRtNXSYpIaEup"
"Five Finger Death Punch","AfterLife","2022-08-19","album","Better Noise Music","2xO5zlCGNyap7Jx1ED3HgG"
"Biffy Clyro","Unknown Male 01 (Edit)","2022-08-19","single","Warner Records","57APfeNc06CWxAM8H5KBdN"
"Motorpsycho","Ancient Astronauts","2022-08-19","album","Stickman Records","63TM7QrydgH0IJGSQPpWLU"
"I Prevail","TRUE POWER","2022-08-19","album","Fearless Records","6SjY4WK6VMFYEINGVOHzGa"
"Russian Circles","Gnosis","2022-08-19","album","Sargent House","70f88hTacrgbDXCB8PkQhy"
"Psyclon Nine","Less To Heaven","2022-08-19","album","Metropolis Records","06lTdDb5k0KAdp75wT8eEm"
"Au Suisse","Au Suisse","2022-08-19","album","City Slang","18dFmRMv533U849amWs8rd"
"Spirit Adrift","20 Centuries Gone","2022-08-19","album","Century Media","2ZcnlqVOsNIFTgzomaK2EJ"
"Heilung","Drif","2022-08-19","album","Season of Mist","4IKHUb4ZlHWHLWQmqIRoiT"
"Arch Enemy","Deceivers","2022-08-12","album","Century Media","0UWT0SwOzXkR9IVbz0GNuo"
"Danger Mouse","Cheat Codes","2022-08-12","album","BMG Rights Management (UK) Limited","0rEbmIQjHTKzKraH4UqiDy"
"The Halo Effect","Days Of The Lost","2022-08-12","album","Nuclear Blast","1Xs6w4Qx0rHSteeQls8LRI"
"Theo Parrish","Cornbread & Cowrie Shells for Bertha","2022-08-12","album","Sound Signature","2E3rSXsm6lkVSbdkadq3Cv"
"Seventh Storm","Maledictus","2022-08-12","album","Atomic Fire Records","3KRp7hufcyVvOsALUctH6H"
"Norma Jean","Deathrattle Sing for Me","2022-08-12","album","Solid State Records","3M166GrcDHdQBuV2ChB2As"
"Hollywood Undead","Hotel Kalifornia","2022-08-12","album","BMG Rights Management (US) LLC","4LbLIANVeJ8JQ9i5V3c05s"
"H.E.A.T","Force Majeure","2022-08-05","album","earMUSIC","2EoVauMgKuvpjypctFDivM"
"Amon Amarth","The Great Heathen Army","2022-08-05","album","Metal Blade Records","49RfDv9BawZQq8hJq0V5wB"
"Tim Bowness","Butterfly Mind","2022-08-05","album","InsideOutMusic","4IgrJTZ2ra9Ip7ZlRM6H7l"
"Kasabian","The Alchemist's Euphoria","2022-08-05","album","Columbia","5YAOV1BIL0uPv2Xa491hCM"
"My Sleeping Karma","Atma","2022-07-29","album","Napalm Records Handels GmbH","1KWZXMFkK0VLsmnfFyQIGP"
"Grima","Frostbitten","2022-07-29","album","Grima","1WGeKDoeWt47eWOWEnM3HG"
"Amanda Shires","Take It Like A Man","2022-07-29","album","ATO Records","2ikIP4rqU13HUOASXbhbuy"
"Kasabian","THE WALL","2022-07-29","single","Columbia","2qN0UtOJpDpdtbW6JoCTAk"
"Ithaca","They Fear Us","2022-07-29","album","Hassle Records","6RHap8m4NlsvCq2v2fPvCP"
"Tallies","Patina","2022-07-29","album","Bella Union","77rNQWY8rHNGYMTeoCIlNf"
"The Natural Yogurt Band","Shoot The Mirror","2022-07-28","album","Hongo Malo","3A7QFHRPMwv9soE1uDYgfY"
"Jack White","Entering Heaven Alive","2022-07-22","album","2022 Third Man Records, LLC","4GxhBXlAhfNzI7ehTDmFJ5"
"The Kooks","10 Tracks to Echo in the Dark","2022-07-22","album","Lonely Cat","5qVcQzxnSthvOT7OOIXDdH"
"ODESZA","The Last Goodbye","2022-07-22","album","Foreign Family Collective/Ninja Tune","0xVucRYJf5luWLekMGYh3i"
"Dawes","Misadventures Of Doomscroller","2022-07-22","album","Rounder","24FkcvXRLoG17447domdkg"
"The Black Noodle Project","When the Stars Align, It Will Be Time...","2022-07-22","album","MusicDiffusion","51CP7kwJRGGX1VGLGB13QI"
"Wake","Thought Form Descent","2022-07-22","album","Metal Blade Records","7EjCMFid4UoMFYxsJMs020"
"Oceans of Slumber","Starlight And Ash","2022-07-22","album","Century Media","7yyNmqnrEITs2vz3NXsmxz"
"Bachelors of Science","Within This Moment","2022-07-21","album","CODE Recordings","45gM8mKFlUM2U1dzj4mUpU"
"Interpol","The Other Side Of Make-Believe","2022-07-15","album","Matador","0P1hdnE62qqoPJZYIZSZn2"
"Xenoglyph","Spiritfraud","2022-07-15","album","Translation Loss Records","0ywkFPXhMRSaKsoI3ZiJR9"
"Deaf Havana","The Present Is a Foreign Land","2022-07-15","album","SO Recordings","1qmMt5MpOLwD2FbHZEE034"
"Mantar","Pain is Forever and This is the End","2022-07-15","album","Metal Blade Records","2BuaDm6RzGt21iRmcBgsNP"
"The Ever Living","Artificial Devices","2022-07-15","album","Chromism Records","5NGTK2LTW9Vn3DXRXMbkQv"
"Witnesses","The Holy Water EP","2022-07-15","single","1311736 Records DK2","5UQpnOW8dL20w9OZGa5TgP"
"black midi","Hellfire","2022-07-15","album","Rough Trade","68z6MWYYNmvTcru1QMcYId"
"DoomCannon","Renaissance","2022-07-15","album","Brownswood Recordings","6yXJbeTmzmIRmKQWYiIjCn"
"Tropico Duclos","Mamboretá","2022-07-13","album","Playa del Cerro Discos","4KLYGt1wvQz6YN1NHc9kXr"
"Mogwai","Black Bird (Season 1)","2022-07-08","album","Rock Action Records","0nctp8RYwUVHCOY6MyFKi6"
"Metric","Formentera","2022-07-08","album","Metric Music International, Inc.","1S5vq5vSHCnCJnMljIiuS6"
"Kali Malone","Living Torch","2022-07-08","album","Portraits GRM","1ToiSYo7St9ndDESRRSaii"
"Viagra Boys","Cave World","2022-07-08","album","YEAR0001","2IC2TP7bnwkfl56vjabLQt"
"Caterina Barbieri","Spirit Exit","2022-07-08","album","light-years","5KHpUME9BlHi5Dhf3thJoH"
"Various Artists","Songs of Townes Van Zandt, Vol. III","2022-07-01","compilation","My Proud Mountain","0yfy88SQOZaMo5bQXnkaqv"
"Moor Mother","Jazz Codes","2022-07-01","album","Anti/Epitaph","2EET9vTNVbzuhm49j1CHn9"
"Morokh","The Triumph of Death","2022-07-01","album","SPRL","5KyY8r2uXggR2pOX5PadsW"
"Conjurer","Páthos","2022-07-01","album","Nuclear Blast","602wn38YItSknzxdpiXl69"
"Alexisonfire","Otherness","2022-06-24","album","Dine Alone Music Inc.","0mgXa4Wapb1oanh0KgVyPr"
"Porcupine Tree","CLOSURE / CONTINUATION","2022-06-24","album","Music For Nations","0w9RrU2alZeQ1BJwpvpFtP"
"Perturbator","Final Light","2022-06-24","album","SIVIANA, RED CRK AB","3nRO4FuJV1PGP9PfhVoY0Z"
"Our Dying World","Hymns Of Blinding Darkness","2022-06-24","album","926332 Records DK2","5FtTCVuODqX3VeRb6QI3e1"
"Coheed and Cambria","Vaxis II: A Window of the Waking Mind","2022-06-24","album","Roadrunner Records","5YRtvIMApwxnUTcWUBcaON"
"Khold","Svartsyn","2022-06-24","album","Soulseller","7aToolqeR4gXWjbrfLLPKl"
"Charlie Griffiths","Tiktaalika","2022-06-17","album","InsideOutMusic","0rw2PwlUEBB661euyhhszg"
"Baby Strange","World Below","2022-06-17","album","Icons Creating Evil Art","0rxXVzueM7PnAjecoPYg2i"
"Between The Buried And Me","The Great Misdirect Live","2022-06-17","album","VOT Dreamtech","1DV8QvCC9k0tEv7GaglbRo"
"Jorn","Over the Horizon Radar","2022-06-17","album","Frontiers Records s.r.l.","4CR7GpwpFdR0nuLeGbxk9A"
"Anteloper","Pink Dolphins","2022-06-17","album","International Anthem Recording Co.","6HrDzClUaPjFarGvvAjFwR"
"ONI","Loathing Light","2022-06-17","album","Ironshore Records USA","6XZzx7Yx0MWI7pCl2ptI06"
"Perfume Genius","Ugly Season","2022-06-17","album","Matador","6rFFWK98d8hhdSYgaOxI5L"
"Foals","Life Is Yours","2022-06-17","album","Warner Records","7CBK26TFXHyt2l6NQcXIsq"
"ALEX","AKUMA 3","2022-06-17","album","NRW Records, under exclusive license to NewRetroWave, LLC","7Eqx4ph2iVEAHK3FPZ3GxQ"
"Motionless In White","Scoring The End Of The World","2022-06-10","album","Roadrunner Records","0DoVnWjNFYoUfq7qe36jxh"
"µ-Ziq","Magic Pony Ride","2022-06-10","album","Planet Mu Records Ltd.","1WZcWo7WBsUdQRCoFwNjXJ"
"Kreator","Hate Über Alles","2022-06-10","album","Nuclear Blast","1uWrXYT7gBJ39hy4PLptnF"
"Billy Howerdel","What Normal Was","2022-06-10","album","BMG Rights Management (US) LLC","3FJPGnoSVNG7FVJT8Si6xq"
"IANAI","Sunir","2022-06-10","album","Svart Records","4LmG2mr04QCWGQ51SiDrWA"
"Lumen","Диссонанс (неполная версия)","2022-06-10","album","M2BA","4cvzYaXl8BqxL4wePU53ER"
"Deathwhite","Grey Everlasting","2022-06-10","album","Season of Mist","7dBghXcti5mMX00Z4acUS3"
"All Things Fallen","Shadow Way","2022-06-03","album","Blackoak Records","1K6QqTCUQ7kGVxUC9emwlw"
"The Algorithm","Data Renaissance","2022-06-03","album","FiXT","1LHSxBpDSoNUrOezwOcLKU"
"Temple of Void","Summoning the Slayer","2022-06-03","album","Relapse Records","2DE5wnCoDph2KliojjP2hE"
"Kenji Araki","Leidenzwang","2022-06-03","album","Affine Records","4K6I05xVWVreQTMwG3oSy8"
"Astronoid","Radiant Bloom","2022-06-03","album","Century Media","4srAPrUWbnkQfuX69sWyRu"
"The Fixx","Every Five Seconds","2022-06-03","album","JARC Ltd.","5hFJWe5T25meBelJf5G4xz"
"Memphis May Fire","Remade In Misery","2022-06-03","album","Rise Records","7IuAUPmji3K4QusCAR6iw1"
"µ-Ziq","Furthur Electronix Trax","2022-05-27","single","Planet Mu Records Ltd.","2mIrHQLpojHFx7TLwKW4gH"
"Liam Gallagher","C’MON YOU KNOW (Deluxe Edition)","2022-05-27","album","Warner Records","7IpAa9HvutfL3LsDsgluqY"
"Cold In May","Written in Cold","2022-05-27","album","SkyQode","0p72zz0RHDfRwO5BCCFLTv"
"Black Lung","Dark Waves","2022-05-27","album","Heavy Psych Sounds","6PrCWQ8z2CFf7GPg7Q8nvo"
"Сруб","Веры Пиры","2022-05-22","album","Gleb Godunov","6zWapjrCTn786Ti1bJVFcL"
"James Labrie","Beautiful Shade Of Grey","2022-05-20","album","InsideOutMusic","0XJNJFFoIR0qla5kluJVK2"
"Come to Grief","When the World Dies","2022-05-20","album","Translation Loss Records","1OGiaHeahxxLqhtI37r4rT"
"Septicflesh","Modern Primitive","2022-05-20","album","Nuclear Blast","2Mys40rXrG4GNkRDeJMZ88"
"Cave In","Heavy Pendulum","2022-05-20","album","Relapse Records","7tsD5NnZCCk1RxnIIYwY7t"
"The Algorithm","Data Renaissance","2022-05-18","single","FiXT","1hmsmqLEAdb6gB5xKq5M5S"
"Static Dress","Rouge Carpet Disaster","2022-05-18","album","Static Dress","1mIKtxf39TuoDhurzIijt3"
"The Smile","A Light for Attracting Attention","2022-05-13","album","XL Recordings","009EjjwUjtdjvH7UP0wHzi"
"Moderat","MORE D4TA","2022-05-13","album","Monkeytown Records","0jx9Lgujl1dys53cwHWwNT"
"MASTER BOOT RECORD","PERSONAL COMPUTER","2022-05-13","album","Metal Blade Records","4kpwecE3iU3D431SaMBtrG"
"Florence + The Machine","Dance Fever","2022-05-13","album","Polydor Records","4ohh1zQ4yybSK9FS7LLyDE"
"The Black Keys","Dropout Boogie","2022-05-13","album","Nonesuch","7LLyQJzyD56Avzk3uFzKUk"
"Pure Reason Revolution","Above Cirrus","2022-05-06","album","InsideOutMusic","18QmmOwcTZugATzOCDCmv8"
"Arcade Fire","WE","2022-05-06","album","Columbia","2sAePf08xIp4tnDlMUCV8B"
"Ibaraki","Rashomon","2022-05-06","album","Nuclear Blast","3iErNnoi1sc1pqKntalRN2"
"Warpaint","Radiate Like This","2022-05-06","album","Virgin Music UK LAS (P&D)","480jVncbNknTjPUAvxp8or"
"Three Days Grace","EXPLOSIONS","2022-05-06","album","RCA Records Label","4drZZN0HTkJzcdlPmmQyqG"
"Upon A Burning Body","Fury","2022-05-06","album","Seek & Strike","5SuH3r7QBzpe1WMgE3cabl"
"Rise to the Sky","Every Day, A Funeral","2022-05-06","album","Meuse Music Records","7x2yAJE8u5vkCRiCALPu8M"
"The Algorithm","Oracle Machine","2022-05-03","single","FiXT","6jv6sJQT2ALaDJJz0yGR8L"
"The Gathering","Beautiful Distortion","2022-04-29","album","Psychonaut Records","5JzoOb54wTUl9KvEvXYDNc"
"Rammstein","Zeit","2022-04-29","album","Rammstein","75OE7M0wduJyffbffehHuR"
"White Ward","False Light","2022-04-29","album","Debemur Morti Productions","0IphrKSbGYqoAJFENobr8q"
"Dälek","Precipice","2022-04-29","album","Ipecac Recordings","3Pnywq1sn0SjsLRvPpRWfa"
"Strawberry Girls","Italian Ghosts (2011 Original Remastered Version)","2022-04-29","single","Strawberry Girls","5x4LobC5B3CckFgsHxv10N"
"Battle Beast","Circus Of Doom","2022-04-29","album","Nuclear Blast","6Kuz73jchZKPe72PPi2s3C"
"Watain","The Agony & Ecstasy of Watain","2022-04-29","album","Nuclear Blast","7qmZz6yfRiXAoW4lgOPi4W"
"Butterfly Temple","...окольное братство нетленного мира...","2022-04-28","album","Butterfly Temple records","7Iz5qH96epFAbOmTtlQCYo"
"Caliban","Dystopia","2022-04-22","album","Century Media","2PGnrN0ACDEByVDGj1wNHL"
"Fontaines D.C.","Skinty Fia","2022-04-22","album","Partisan Records","2ZMViS2A6M15Z1kN6n6O8S"
"Oren Ambarchi","Ghosted","2022-04-15","album","Drag City","0vvMzwwsZaxPG2Iy7C7tGU"
"Axel Rudi Pell","Lost XXIII","2022-04-15","album","Steamhammer","7oIVOQo8L7nsSbdaWHZJaj"
"Envy Of None","Envy of None","2022-04-08","album","Kscope","23Iuy4cXEOCOdmbnkb8ZIy"
"Silence in Solitude","Eternal","2022-04-08","album","Thallium Studios","29LrEbghajghXWPfID62wo"
"billy woods","Aethiopes","2022-04-08","album","Backwoodz Studioz","34uTUAM6SE8Eo6Cv4PRqwD"
"Jack White","Fear Of The Dawn","2022-04-08","album","2022 Third Man Records, LLC","46qeiLBu3KwqFQpJBT7t6B"
"Papa Roach","Ego Trip","2022-04-08","album","New Noize Records, Inc.","5OSVAtytFqdJwIJpD3gGEJ"
"Mors Principium Est","Liberate The Unborn Inhumanity","2022-04-08","album","AFM Records","6K9nIX4SWQxb50Dg3wweRr"
"The Hellacopters","Eyes Of Oblivion","2022-04-01","album","Nuclear Blast","1VHGCKri6PWtI5kijzvkTr"
"Red Hot Chili Peppers","Unlimited Love","2022-04-01","album","Warner Records","2ITVvrNiINKRiW7wA3w6w6"
"Satan","Earth Infernal","2022-04-01","album","Metal Blade Records","3546mWMdmMbXpMVopfDINz"
"Wolf","Shadowland","2022-04-01","album","Century Media","3XChH0deyZy39f2ntkqG96"
"Carpenter Brut","Leather Terror","2022-03-31","album","Universal Music Division Virgin Records Distribution Deal","37PW0ipoWcjx3APS1MN0ql"
"Nazgul Rising","Cycles of Primal Chaos","2022-03-29","album","Treviius Music","56yP0V4wcBcEiw1GSQqMNH"
"Animals As Leaders","Parrhesia","2022-03-25","album","Sumerian Records","0drWek4H5NfTa2BWAFA3iB"
"Architects","For Those That Wish To Exist At Abbey Road","2022-03-25","album","Epitaph","5JzVaRM6IgRKkmwWfSo9bl"
"Placebo","Never Let Me Go","2022-03-24","album","SO Recordings","38urbmT2Jkop1biLqe1oQh"
"Petter Eldh","Koma West","2022-03-18","album","We Jazz","2niTLO3ep9qWjMGqLZeV4V"
"Dark Funeral","We Are The Apocalypse","2022-03-18","album","Century Media","4Aw1YxGh3eaefguzl1Ivxs"
"Feeder","Torpedo","2022-03-18","album","Big Teeth Music","6ab3djzDT7OZOeyjOSvubU"
"Von Hertzen Brothers","Red Alert In The Blue Forest","2022-03-18","album","DoingBeingMusic","6meNaKwbmCyc3VJ4MBbCE3"
"Ghost","IMPERA","2022-03-11","album","Loma Vista Recordings","3fn4HfVz5dhmE0PG24rh6h"
"Elzhi","Zhigeist","2022-03-11","album","Nature Sounds","5LZCzWRQK0GNx6PK7px6Df"
"Marillion","An Hour Before It's Dark","2022-03-04","album","earMUSIC","2n8ZvHYsRU4EXJpqyhtv7Q"
"Bad Omens","THE DEATH OF PEACE OF MIND","2022-02-25","album","Sumerian Records","0auTn0kFZk71WAv3BbKVxQ"
"Beth Hart","A Tribute To Led Zeppelin","2022-02-25","album","Provogue","15vRQtNwQ8RzwmwnjX8oAN"
"Melt Yourself Down","Pray For Me I Don’t Fit In","2022-02-25","album","Decca (UMO)","2V2l6t7JHtA07djCxSOcGQ"
"Scorpions","Rock Believer (Deluxe)","2022-02-25","album","Vertigo Berlin","3buy6DvCMUseqKyEC4RI4g"
"Tim Bowness","Memories of Machines","2022-02-25","album","Kscope","65oZcYJO7himR8kgtmrSPe"
"Tears For Fears","The Tipping Point","2022-02-25","album","Concord Records","6xKxlHD3mWkKoMtl3ZVyLt"
"Lil Supa","YEYO","2022-02-22","album","LIL SUPA'","2omBpLdhqRgjBneDnziZpp"
"White Lies","As I Try Not To Fall Apart","2022-02-18","album","[PIAS]","32LcezSSnKv5hiCVBcQ04L"
"Annihilator","Metal II","2022-02-18","album","earMUSIC","6rvqy7S1R8d5kZ7jHNQ3Iw"
"Beach House","Once Twice Melody","2022-02-18","album","Sub Pop Records","79NySyjxJ8xric31mXKMAo"
"Black Map","Melodoria","2022-02-18","album","MINUS HEAD RECORDS","7klJTPK4lQuMHaNnUDizPD"
"Cult Of Luna","The Long Road North","2022-02-11","album","Metal Blade Records","0mFOKK4EHSie3Hu1bhOiIB"
"Zeal & Ardor","Zeal & Ardor","2022-02-11","album","MVKA","4lh0rl7eI2w9Rik8JECk9l"
"Amorphis","Halo","2022-02-10","album","Atomic Fire Records","3EATOOixZ8TxrSqvbtF46A"
"Black Country, New Road","Ants From Up There","2022-02-04","album","Ninja Tune","21xp7NdU1ajmO1CX0w2Egd"
"Rolo Tomassi","Where Myth Becomes Memory","2022-02-04","album","eOne Music","3821HxVYaIwRA9DLfo8GHa"
"Korn","Requiem","2022-02-04","album","Loma Vista Recordings","7J0BUlxogdpZAtuZnhomb0"
"CELESTE","Assassine(s)","2022-01-28","album","Nuclear Blast","5f5PjyjsKK4fsYFVJVox62"
"Madrugada","Chimes At Midnight","2022-01-28","album","WM Norway","7splaAClComaaOc38ut2DJ"
"Jazz Is Dead","Trees","2022-01-26","album","Jazz Is Dead Records","0UfojFb9pl0WQfDbYi7F4J"
"Comeback Kid","Heavy Steps","2022-01-21","album","Nuclear Blast","4onFuBSmTMwtS17L0U8tEm"
"Biosphere","Shortwave Memories","2022-01-21","album","Biophon Records (Norway)","67qmzR9XdcpPAoqBJIgzdy"
"40 Watt Sun","Perfect Light","2022-01-20","album","Cappio Records","5MjCWxNiGEz6P9dm9Se3a5"
"Toundra","Hex","2022-01-14","album","InsideOutMusic","13NnZjrIhPo1L9W4flldxv"
"Underoath","Voyeurist","2022-01-14","album","Fearless Records","6uv3nIiip5lAAG41OQIk0f"
"Noize MC","Выход в город","2021-12-16","album","OOO Universal Music","2K9w7i2R1GckLBFCxZEdlm"
"Converge","Bloodmoon: I","2021-11-19","album","Epitaph","4rEDzWnp2RoNzSx8DjO7gY"
"Oxxxymiron","miXXXtape III: Смутное Время","2021-11-12","album","Oxxxymiron","0Nz1pnSwMM4FNRtHznneNS"
"Grave of Love","All Those Tears Ago","2021-11-11","album","Only the Sun Knows","6ey6g8KHwSP7NMW70EiEOa"
"Bullet For My Valentine","Bullet For My Valentine","2021-11-05","album","Spinefarm Records UK","6QoBe740np3sgfdp7FX12k"
"Jerry Cantrell","Brighten","2021-10-29","album","Jerry Cantrell","4G14ImdbfLm9adBZfNuMjg"
"R.E.M.","New Adventures In Hi-Fi (25th Anniversary Edition)","2021-10-29","album","Craft Recordings","5wBz69rJgZF0s2y2KWQXfV"
"Mastodon","Hushed and Grim","2021-10-29","album","Reprise","5xnZl7sdxxIb4rkDcbD4IC"
"The War On Drugs","I Don’t Live Here Anymore","2021-10-29","album","Atlantic Records","69jQsPvJzMvcb2fGqI2qaB"
"Duran Duran","FUTURE PAST (Deluxe)","2021-10-23","album","BMG Rights Management (US) LLC","4LC0yjeaBHNdREh9XCFbnZ"
"Nick Cave & The Bad Seeds","B-Sides & Rarities (Part II)","2021-10-22","album","Mute, a BMG Company","70BESZ62GkFlBw0O3mxKo9"
"Biffy Clyro","The Myth of The Happily Ever After","2021-10-22","album","Warner Records","79TV8acvMeGKGbsBUKvwCI"
"Duran Duran","FUTURE PAST","2021-10-22","album","BMG Rights Management (US) LLC","7GyGHJ1jv0v2Sa0pcgs4fD"
"Gloosh","Sylvan Coven","2021-10-01","album","Gloosh","3df0QZjTMYPCyshiQTaRRe"
"Ryo Fukui","My Favorite Tune","2021-10-01","album","We Release Jazz","7vQEWRQZ2ZpJlZZRqZFEF9"
"Ron Carter","Skyline","2021-09-17","album","5 Passion Records","2aSzsgVPZBKX33jSkDCnQO"
"Marillion","Fugazi (2021 Stereo Remix)","2021-09-10","album","Rhino","1qU6HQ914NtTvXmsLoGbAz"
"On The Road To Jericho","Demeter EP","2021-09-04","single","Walking Crab Records","3s8uHVh8z8aesqjZBBoC7l"
"Iron Maiden","Senjutsu","2021-09-03","album","Parlophone UK","3TymcPWXqsCRA5oSL0TkPU"
"Turnstile","GLOW ON","2021-08-27","album","Roadrunner Records","2NrYPcMmQBlbBxopc2XlzS"
"The Neal Morse Band","Innocence & Danger","2021-08-27","album","InsideOutMusic","0KdAbTq8g65KxB8wxCEElb"
"TesseracT","PORTALS","2021-08-27","album","Kscope","2hF7dY29EsfBvXe65PYPBd"
"Steven Wilson","THE FUTURE BITES","2021-08-27","album","Steven Wilson Productions Ltd.","2rbqMQIVHHeTJTU51JB2tu"
"The Kooks","Inside In, Inside Out (15th Anniversary Deluxe)","2021-08-27","album","UMC (Universal Music Catalogue)","5kEUyPova9ixP2SBDz117s"
"Wolves In The Throne Room","Primordial Arcana (Bonus Track Edition)","2021-08-21","album","Century Media","2lcb8bwpDz6IdVNaLc6RFx"
"The Offspring","Let The Bad Times Roll (Deluxe Edition)","2021-08-20","album","Concord Records","7CiSh3Wv5DrOmoxIZhzBYm"
"Helloween","Helloween","2021-06-18","album","Atomic Fire Records","1I2USdbvrmhAsEAJz0NuXD"
"Fear Factory","Aggression Continuum","2021-06-18","album","Nuclear Blast","3y1dh8gI1uNvdOI4gI0jxK"
"Garbage","No Gods No Masters","2021-06-11","album","Infectious Music","0Pr4iEMou8CPCeeN53DxGP"
"Atreyu","Baptize","2021-06-04","album","Spinefarm Records UK","7gSn76j4IpgrhL9r7mNlTL"
"Sons Of Kemet","Black To The Future","2021-05-14","album","Impulse!","6AfA0FZhzRTpjDDYHkCd5B"
"Morokh","All the Darkness Looks Alive","2021-05-05","album","SPRL","0M7mkPA2JERgycaXO2aaGd"
"Olhava","Frozen Bloom","2021-04-02","album","Olhava","51Z1XiG70xrRyORIJu5bZI"
"Origamibiro","Miscellany","2021-03-26","album","Denovali Records","1XylX6o0ue7qhUxyXiUfdg"
"Mujuice","Melancholium","2021-03-04","album","OOO Universal Music","2AHITJDTlZ1BWpDpHkHm4o"
"Nu:Tone","Little Spaces","2021-02-26","album","Hospital Records","5Jd375gdtvoIJmrzc2aYJb"
"Architects","For Those That Wish To Exist","2021-02-26","album","Epitaph","7qemUq4n71awwVPOaX7jw4"
"slowthai","TYRON","2021-02-12","album","Method","7qE3WaOVAAIxgH8WtjbBBj"
"Yoth Iria","As The Flame Withers","2021-01-25","album","Pagan Records","2Lcn0lHI7oOkl68fXBBciK"
"Various Artists","Сохрани мою речь навсегда","2021-01-14","compilation","Непокой","2PtSgNtgqtX6H2Lo5W0t8w"
"Dark Tranquillity","Moment","2020-11-20","album","Century Media","75V5ngdhlaRRf1J3rM2EKW"
"GHØSTKID","GHØSTKID","2020-11-13","album","Century Media","5j8UmIzQakG2Rh0Vc06z4h"
"Monolake","Archaeopteryx","2020-11-06","album","imbalance computer music","1NdtA0h8v8ADwEMUQdMiuN"
"Draconian","Under a Godless Veil","2020-10-30","album","Napalm Records Handels GmbH","4piC4Fef3riuaqWsywyKri"
"Trees Speak","Shadow Forms","2020-10-30","album","Soul Jazz Records","5bQn5oB3f2B36KxvsuU0rv"
"Pallbearer","Forgotten Days","2020-10-23","album","Nuclear Blast","7j2AkxHOjfHWD4HSsh7QD5"
"I DONT KNOW HOW BUT THEY FOUND ME","RAZZMATAZZ","2020-10-23","album","Fearless Records","7q8hYYZgsIQCXibLzwiPll"
"Enslaved","Utgard","2020-10-02","album","Nuclear Blast","3pyE8Jz0N0OyRGyYVyu86s"
"Vera Polozkova","Высокое разрешение","2020-10-02","album","Vera Polozkova","5T7Nqn0dbIpOG35BrWZk5B"
"Anaal Nathrakh","Endarkenment","2020-10-02","album","Metal Blade Records","7fhqGPftgWWsuLRi01JybN"
"Fit For A King","The Path","2020-09-18","album","Solid State Records","0K97w4lUFd305SnQErgFd7"
"Marilyn Manson","WE ARE CHAOS","2020-09-11","album","Loma Vista Recordings","3VOlp4Dion1qjjvhmuDZvV"
"Ulver","Flowers of Evil","2020-08-28","album","House Of Mythology","0VYuTYQPftcTUmq2ehYlzV"
"_BY.ALEXANDER","000 CHANNEL BLACK","2020-08-27","album","Blue Note Records","4AzWT0gVzSs1NwZnuFPOlH"
"Nubya Garcia","SOURCE","2020-08-21","album","Concord Jazz","5iooBeTrG8wPKMgo7OAOX6"
"Narrow Head","Satisfaction","2020-08-14","album","Narrow Head","0m3hGU2BkS3t3zBdavqmNg"
"Palaye Royale","The Bastards","2020-05-29","album","Sumerian Records","5274bCsoBGBuqed5yKLi9D"
"Wake","Devouring Ruin","2020-03-27","album","Translation Loss Records","0HPwpmR523VvXMFtnXPKT6"
"Pearl Jam","Gigaton","2020-03-27","album","Republic Records","5bTixyz2GHx1YUqNUdzfut"
"Norma Jean","All Hail","2019-10-25","album","Solid State Records","0DYeH7SR1w2dvQ05eR0dIP"
"Cigarettes After Sex","Cry","2019-10-25","album","Partisan Records","4uQ5kFmXQdCxz3WvM4UUzy"
"The Devil Wears Prada","The Act","2019-10-11","album","Solid State Records","7FPpD5hu0bVFjb35ERF1Rv"
"Free Flow Flava","Fuji","2019-10-04","album","FREE FLOW FLAVA","5axbAtSo808DN9AozbASS9"
"Knight Area","D-Day","2019-09-20","album","Butler Records","71kQ8jUvEmyDJnoR1z1dcJ"
"Russian Circles","Blood Year","2019-08-02","album","Sargent House","1LWWmVyhDxFAxBmQe3ecZb"
"Lacrimas Profundere","Bleeding the Stars","2019-07-26","album","Oblivion","3DPMq9ET2sSyFkTBPLXvjT"
"Mimi Barks","Enter the Void","2019-06-07","album","M.I.M.I. NEMESIS RECORDS LTD","1tu499RoX6rnhPF84LgyVo"
"Siamese","Super Human","2019-05-24","album","Long Branch Records","5hoZPmJtdKDoN6aEHGf9kQ"
"Exit North","Book of Romance and Dust","2019-05-14","album","Exit North","34nsXIjD3IVEcKtVUT8V9S"
"Amon Amarth","Berserker","2019-05-03","album","Columbia Local","0svoIboyRzqgRpvBDbJtUE"
"Lonely Robot","Under Stars (Bonus Tracks Edition)","2019-04-26","album","InsideOutMusic","4Yi2unJLbR3BsKKFXg68pN"
"Monkey3","Sphere","2019-04-12","album","Napalm Records Handels GmbH","1bUQOPmwTrf80w3HoHhCdW"
"The Chemical Brothers","No Geography","2019-04-12","album","EMI","7d1KwAPdMEBqCERVsKRUox"
"Brutus","Nest","2019-03-29","album","Sargent House","4iAFMr0roXFZLFALz8oOEr"
"KÁRYYN","THE QUANTA SERIES","2019-03-29","album","Mute","1d4ayy5klByiNOJpTShQ29"
"Download","Unknown Room","2019-03-08","album","Artoffact Records","7z5sABFhTPYoEAcpwMIXkE"
"Rotting Christ","The Heretics","2019-02-15","album","Season of Mist","00oBoAA6p3N4jUGAGk19zr"
"Astronoid","Astronoid","2019-02-01","album","Blood Music","22clRi7CDOBHwwuvZAzBKd"
"Avantasia","Moonglow","2019-02-01","album","Nuclear Blast","5YjtryDPR0CWnBNRowJCiC"
"Palisades","Erase The Pain","2018-12-28","album","Rise Records","3OTWWdNFbxGzWTJBX7588m"
"Architects","Holy Hell","2018-11-09","album","Epitaph","3gh9LlHXtUEPkqsWj60Qy7"
"Be Svendsen","Between a Smile and a Tear","2018-10-19","album","Music For Dreams","3hc0sPJb0C5En6sj67E7D0"
"Alice In Chains","Rainier Fog","2018-08-24","album","BMG Rights Management (US) LLC","4AAPRl8BKlsIVC5aeedlBv"
"Annisokay","Arms","2018-08-17","album","Arising Empire","5dQAXvpD6kTLmlVPvu7Vik"
"Birds in Row","We Already Lost the World","2018-07-13","album","Deathwish Inc.","0jCpN5ObSWBRhHnz02xKqy"
"Freedom Fry","Classic","2018-06-01","album","Freedom Fry, LLC","2gHoyHYnaGEctKR8kysOAU"
"Snow Patrol","Wildness (Deluxe)","2018-05-25","album","Polydor Records","7CGzC8FDgpAMyp36T7yyEa"
"Shinedown","ATTENTION ATTENTION","2018-05-04","album","Atlantic Records","0dtwIycvTaFNjo44QRwWz7"
"TesseracT","Sonder","2018-04-21","album","Kscope","0Ft1gVGFl9NYWTAefWXzWM"
"Animal Jazz","Счастье","2018-04-05","album","Animal Джаz","3KB43zAF2SF09xVbEdiHuc"
"Three Days Grace","Outsider","2018-03-09","album","RCA Records Label","3e8KUqPO1wRmwqAxENX38s"
"Teenage Wrist","Chrome Neon Jesus","2018-03-09","album","Epitaph","7DUbrWwDxAeoNzFwKNVpiw"
"Rolo Tomassi","Time Will Die and Love Will Bury It","2018-03-02","album","Destination Moon Records","6VZQ25XyT12V0wH7oai4cG"
"Amenra","Mass VI","2017-10-20","album","Neurot","03tCpZ9EP6CWO62yWKBTve"
"Stick To Your Guns","True View","2017-10-13","album","Pure Noise Records","0BaFlnvdnmnkhPZz4M0Xjq"
"Satyricon","Deep Calleth Upon Deep","2017-09-22","album","Napalm Records","3xguVoioTEG1pymeBL0oV3"
"Comeback Kid","Outsider","2017-09-08","album","Nuclear Blast","6A1CrvVsXBEkoVBM68mI9W"
"Rosetta","Utopioid","2017-09-01","album","Independent","6FN6gUeBU8EDylWCZD0rjJ"
"Queens of the Stone Age","Villains","2017-08-25","album","Matador","7vuIN24G18PAUAvjnICyA6"
"Steven Wilson","To The Bone","2017-08-18","album","SW Records","1ahl6UmqCDuNy6rJVfRKeC"
"Manchester Orchestra","A Black Mile To The Surface","2017-07-28","album","Loma Vista","4hruYceqit29o6m4arpAql"
"Anathema","The Optimist","2017-06-09","album","Kscope","2MXZ5iBdwsSzzlZszRZoTY"
"London Grammar","Truth Is a Beautiful Thing (Deluxe)","2017-06-09","album","Ministry of Sound Recordings","2czuN6tZcR5ebpuK9A1Vur"
"DISPATCH","America, Location 12","2017-06-02","album","Bomber Records LLC","6B4cgMN3gEAbkgc34JVQpT"
"Siena Root","A Dream of Lasting Peace","2017-05-26","album","M. i. G. - music","1pHgdqO0kbrAdWjLyxViTw"
"Kasabian","For Crying Out Loud (Deluxe)","2017-05-05","album","Columbia","0ymsF6XO1mZM1VKqI680jU"
"Novembers Doom","Hamartia","2017-04-14","album","Prophecy Productions","0FpI1CJs7fzPJqQgCUAGah"
"Arca","Arca","2017-04-07","album","XL Recordings","3BJqKT6NBFj06k5LIvjiZb"
"Ulver","The Assassination of Julius Caesar","2017-04-07","album","House Of Mythology","5qIvAO77qv1y8VxdRXa7Uv"
"Falling In Reverse","Coming Home (Deluxe Edition)","2017-04-07","album","Epitaph","79fnwKynD56xIXBVWkyaE5"
"Feeder","Renegades (Special Edition)","2017-03-24","album","Cooking Vinyl","3GmZsj6mKDRG8O5osNlDNO"
"Pain of Salvation","In The Passing Light Of Day","2017-01-13","album","InsideOutMusic","3p3jOZI2RjHPVpu7kfgjOB"
"Neuroticfish","Gelb (Remastered)","2016-11-25","album","Non Ordinary Records","7997vujpV6TkWeJkMzWNAw"
"Touché Amoré","Stage Four (Deluxe Edition)","2016-09-16","album","Epitaph","6KiS2t3EapTmHSt9xGUqe7"
"The Pineapple Thief","Your Wilderness","2016-08-12","album","Kscope","7jjzqewWL5T2lj8hU2Z4bG"
"Rome","The Hyperion Machine","2016-08-12","album","Trisol","7ogr5J1ROvznkhS0bLuHQG"
"Blossoms","Blossoms","2016-08-05","album","EMI","7wCgsWaxfGis7NAHYn8JFk"
"Forteresse","Thèmes pour la rébellion","2016-06-24","album","Sepulchral Productions","4EfFqWNpWePBrqviso6M0s"
"Red Hot Chili Peppers","The Getaway","2016-06-17","album","Warner Records","43otFXrY0bgaq5fB3GrZj6"
"Architects","All Our Gods Have Abandoned Us","2016-05-27","album","Epitaph","2NJMu78M8xVy2NAxicD1so"
"Oceans of Slumber","Winter","2016-03-04","album","Century Media","50O9zBtbDovF8Z8Z4xnHEO"
"Megadeth","Dystopia","2016-01-22","album","AG Records (Megadeth) 2017","4sP7CAPrmdBD1ojBBrPxiV"
"Radar Men from the Moon","Subversive I","2015-09-16","album","Radar Men From The Moon","3sc7UGvsCtcUc4D0YZJUAg"
"Amorphis","Under The Red Cloud","2015-09-04","album","Atomic Fire","0H3E8PFN4esVyzxSfwV5OU"
"Riverside","Love, Fear and the Time Machine","2015-09-04","album","InsideOutMusic","7mICCIhq0W6Z0JCqvsdum3"
"Disturbed","Immortalized","2015-08-21","album","Reprise","3qFQ4XNQ15alZrAaj5oGJK"
"Frank Carter & The Rattlesnakes","Blossom","2015-08-14","album","International Death Cult","3o0KQGLUpxACOwsIMWjfqF"
"Agent Fresco","Destrier","2015-08-07","album","Long Branch Records","1syoohGc0fQAoJWy57XZUF"
"God Is An Astronaut","Helios / Erebus","2015-06-22","album","Revive Records","6NEwj8hlw0b7U3jd6vHRg3"
"Paradise Lost","The Plague Within","2015-06-02","album","Century Media","6uw9cFvx49K9gOTJTeHDA6"
"My Sleeping Karma","Moksha","2015-06-01","album","Napalm Records","6LjSLauP6x6gSn5cvKuS9p"
"Now And On Earth","Blacked Out","2015-04-14","album","Epitaph","3w8pJBkiPVvRssQykhR1jm"
"Steven Wilson","Hand Cannot Erase","2015-03-02","album","Kscope","6P7vL4vGgyrD7q9VR9BcnV"
"The Pineapple Thief","Magnolia","2014-09-15","album","Kscope","6pSWexhMDHnNAyobrIBjDn"
"Lars Danielsson","Liberetto II","2014-08-29","album","ACT Music","52f8OH2v1jtqemCOI4VFvt"
"Plaid","Reachy Prints","2014-05-19","album","Warp Records","4nwAU3LuHt6nL5KLqhzw1z"
"Swans","To Be Kind","2014-05-12","album","Mute","1WwiyWxa40PKucRxIKlEVM"
"Bill Laurance","Flint","2014-05-06","album","Flint Music","1OdH3hpXv0x8knorEF0Y8u"
"Insomnium","Shadows of the Dying Sun","2014-04-29","album","Century Media","0iYAnDAQLAOXIl5bUAfYG3"
"John Frusciante","Enclosure","2014-04-08","album","Record Collection","3DqxDflVkMX6sgxWWc25e7"
"✝✝✝ (Crosses)","††† (Crosses)","2014","album","Sumerian Records","3OFwgpivi60ZjfNmnPm2kf"
"Lund Quartet","Lund Quartet","2013-10-28","album","Lund Quartet","6oroagpuK8e0cvcwWNnWnh"
"Parov Stelar","The Art of Sampling","2013-10-04","album","Etage Noir Recordings","0Yjo2emsCBPyDZNPdVUtT5"
"Riverside","Shrine Of New Generation Slaves","2013-09-02","album","InsideOutMusic","6bS5UWfIw3nnDBvvLlwTdW"
"Queens of the Stone Age","...Like Clockwork","2013-06-03","album","Matador","5T5NM01392dvvd4EhGrCnj"
"The National","Trouble Will Find Me","2013-05-20","album","4AD","4OI9hKTm1QMRQunqHCfSSL"
"Alice In Chains","The Devil Put Dinosaurs Here","2013-05-13","album","Virgin Catalog (V81)","1NeunhIyCq0jkezLbOyKDM"
"Feed Her to the Sharks","Savage Seas","2013-05-13","album","Feed Her to the Sharks","5LMGiMfL3Crt3zDOvEqAUX"
"Vampire Weekend","Modern Vampires of the City","2013-05-13","album","XL Recordings","1GXMNFfoHF4sN7lG8gZq1j"
"The Ocean","Pelagial","2013-04-30","album","Metal Blade Records","6R9cHdJ7hljxDDYq2tUCdO"
"RPWL","Trying to Kiss the Sun","2013-01-11","album","Gentle Art Of Music","2Px9ivFPgcRDt33GkOLeVs"
"blessthefall","Hollow Bodies","2013-01-01","album","Fearless Records","0DwhxjTcmausDipXTYIqNp"
"White Lies","BIG TV","2013-01-01","album","Polydor Records","32MqLeunrlzlSwLHVTeSe6"
"Samael","Passage","2012-12-18","album","Century Media","2gc5XMKnjNlhNDrbNy0Z7G"
"Toundra","(III)","2012-12-12","album","Toundra","6Ued283OOMYn1KTaheTflx"
"Vera Polozkova","Знак не/Равенства","2012-12-01","album","Vera Polozkova","4j1ygcaPwxoXoSRfz0u8ZU"
"Amenra","Mass V","2012-11-27","album","Neurot","6nBHmBwszui8FuXAyAWFi3"
"Wax Tailor","Dusty Rainbow from the Dark","2012-09-10","album","Lab'Oratoire","45VQ6Lf48PUpCoLXWtSuCK"
"The Pineapple Thief","All the Wars","2012-09-03","album","Kscope","0SZ0BodoMLjHgUarfZnraU"
"Pierce The Veil","Collide With The Sky","2012-07-17","album","Fearless Records","661Hz0qJK8WIp7vAWsqKvk"
"Death Grips","The Money Store","2012-04-23","album","Epic","1PQDjdBpHPikAodJqjzm6a"
"Job For A Cowboy","Demonocracy","2012-04-10","album","Metal Blade Records","3uz3sQTOLwjGBOEtoOQFct"
"Swans","The Seer","2012-01-01","album","Mute","774XM9c4BAxkNqvu7Rea1E"
"La Dispute","Wildlife","2011-10-04","album","No Sleep Records","1zAMnOQUqSq3xCMgeBS6i2"
"Beth Hart, Joe Bonamassa","Don't Explain","2011-09-27","album","J&R Adventures","2uyORQ080sXcPN0oO5lXvT"
"Amon Tobin","ISAM","2011-04-19","album","Ninja Tune","6JiPQzrQs9VTk0cRW9kyS2"
"Stendeck","Scintilla","2011-03-01","album","Stendeck","4iqRgUboK84tJjN2prm9JP"
"Pain of Salvation","Road Salt One","2010-07-16","album","InsideOutMusic","4dcELIj5hI9iXfkCSCvsBm"
"Rosetta","A Determinism of Morality","2010-05-25","album","Translation Loss","4FflwO9xirHp9pZQAXlvKn"
"The Pineapple Thief","Someone Here Is Missing","2010-05-24","album","Kscope","1lODBFaX8Bu46GxK0TpGjj"
"The National","High Violet","2010-05-10","album","4AD","4vBvnlmaiyoEf04hLe5SLo"
"My Own Private Alaska","Amen","2010-03-15","album","I2U","6bpEJNEiYU7lDG8O9JZ4Vd"
"Gazpacho","Missa Atropos","2010-02-08","album","Kscope","5sv9KOyPmN0sVMzNIEa0GV"
"Darkstar","North","2010","album","Hyperdub","3L8CxEIZ2lVkKgTo9GHeyw"
"Rishloo","Feathergun","2009-12-08","album","Rishloo","73oIK4HHBVaN4WNE8f3Jea"
"Fuck Buttons","Tarot Sport","2009-10-20","album","ATP/Recordings","7tilRUU7WANATJdxhMO3p8"
"Porcupine Tree","The Incident","2009-09-14","album","Kscope","1DlEP44E1fNMgFh8TwI7cm"
"IAMX","Kingdom of Welcome Addiction","2009-05-19","album","UNFALL","3z3QcJXaXGoInpOidkgUfc"
"The Prodigy","Invaders Must Die","2009-01-01","album","Vertigo Berlin","0NgCbFQaA3AayOPHYsvgyw"
"VNV Nation","Of Faith, Power and Glory","2009","album","Anachron America","3VkgWB8MQ4JfUMWaKh7hxs"
"Pharoah Sanders","Africa","2008-10-03","album","Timeless Records","7qifK1maQJzbDDLjjiHSIu"
"Fuck Buttons","Street Horrrsing","2008-03-17","album","Rainbow Drop","2U3XrrPNxhADr4YNS9KcPT"
"My Fashion Love","The Secret Plan Of Self-Destruction","2008-02-04","album","UK Divisions","7JDUFsBIxn5uPotzfYlmu7"
"Von Hertzen Brothers","Love Remains the Same","2008-01-01","album","Universal Music Oy","0xUJDeBGk0m4JsvOKUR9AF"
"Deftones","Diamond Eyes","2008","album","Reprise","1GjjBpY2iDwSQs5bykQI5e"
"LCD Soundsystem","45:33","2007-11-12","album","Parlophone UK","0Tw4IEPDfOj7cLefk75Qft"
"Burial","Untrue","2007-11-05","album","Hyperdub","1C30LhZB9I48LdpVCRRYvq"
"Apparat","Walls","2007-05-25","album","Shitkatapult","1cEtibmLF1PcuvBmoJUONU"
"The Field","From Here We Go Sublime","2007-03-26","album","Kompakt","5oNWGhIs9vpB6FJ6rv5VuO"
"Counting Crows","August And Everything After","2007-01-01","album","Geffen","1dBjJZRfh3ZwZEyVwaTbV0"
"Pain of Salvation","Scarsick","2007","album","InsideOutMusic","1SxgzMTADp2l25jwuZxPjX"
"Machine Head","The Blackening","2007","album","Roadrunner Records","2m88zyXTfepH5BeD80wwEt"
"Front Line Assembly","Artificial Soldier","2006-06-20","album","Metropolis Records","1HITMzVxwPyNzbWV5LVqCP"
"IAMX","The Alternative","2006-04-28","album","UNFALL","54ooKSGWd7UoGzGSBMYU2p"
"The Knife","Silent Shout","2006-02-17","album","Rabid Records","4gZFp1kGzdaQLD9UMM54C6"
"The Mars Volta","Amputechture","2006-01-01","album","Motown","5OISte8J6DV61Vad0W0Cv9"
"Colour Haze","Tempel","2006","album","electrohasch","5KuXPHPuYVisNCwUgunWG5"
"Korn","See You On the Other Side","2005-12-06","album","Tempo Music","2c7ynrgZP08xNtkJi9MhjF"
"Venetian Snares","Rossz Csillag Alatt Született","2005-03-14","album","Planet Mu Records Ltd.","1GcVuxKE16rUkpZiqfPId3"
"The Mars Volta","Frances the Mute","2005-02-10","album","Motown","30iqYID1JMBXLVFfErwTSd"
"Dälek","Absence","2005-02-08","album","Ipecac Recordings","2Q8MUKPWAFlck4F7Esq9pm"
"The Killers","Hot Fuss","2004-06-15","album","EMI","4OHNH3sDzIxnmUADXzv2kT"
"Muse","Absolution","2004-03-23","album","Warner Records","0HcHPBu9aaF1MxOiZmUQTl"
"Front Line Assembly","Civilization","2004-01-20","album","Metropolis Records","3zlSOjdhdIKHuUf7ztcq5G"
"Underoath","They're Only Chasing Safety","2004-01-01","album","Solid State Records (SST)","5GeXnKDk6sD6RnkPVwFi19"
"Snow Patrol","Final Straw","2004-01-01","album","Polydor Records","6rnHGj9PUHcEQCp4xdjbeJ"
"Gridlock","Formless","2003-11-04","album","Hymen Records","6M8Ib6GMwdygxZ8HiiHqaC"
"The Rasmus","Dead Letters","2003-03-24","album","Playground Music","1J9W7Fkg34vdOVa8gR7dx7"
"Masterplan","Masterplan","2003-01-20","album","AFM Records","6FxqNK88NImuiMIpCrTZee"
"Four Tet","Rounds (Special Anniversary Edition)","2003","album","Domino Recording Co","6ebN0Gkim6B1SDSp2ZbwI1"
"Spoon","Kill the Moonlight","2002-08-20","album","Matador","519PD4UWRalte2kjiiPY8i"
"Lake Of Tears","The Neonai","2002-01-01","album","Black Mark","3cI4r9iG7cQye7KSwH1kgf"
"My Chemical Romance","I Brought You My Bullets, You Brought Me Your Love","2002","album","Reprise","3VSl97ITIbXoFQvx2DQ605"
"Buckethead","Electric Tears","2002","album","Metastation","52SHWfP9ggb7cg1E0iBH1h"
"Pain of Salvation","Remedy Lane","2002","album","InsideOutMusic","5wdXBbdGH90qfKoWBErbdw"
"Björk","Vespertine","2001-08-27","album","One Little Independent Records","4u3MPfHM60rFFULJebZIay"
"Tantsy Minus","10 капель","2001-01-01","album","Первое музыкальное Издательство","0tPUbdVhKWQAWKxADphi42"
"Tantsy Minus","Теряя тень","2001-01-01","album","Первое музыкальное Издательство","6JRrlFlVNwCnkn0ZxOwPxU"
"Converge","Jane Doe","2001","album","Equal Vision Records","2gtM4m6sglJDrX3toJWZO6"
"Squarepusher","Go Plastic","2001","album","Warp Records","14DV5JzgIRhtqMMjtO4QOj"
"Muse","Origin of Symmetry","2001","album","WM UK","1Dh27pjT3IEdiRG9Se5uQn"
"Thursday","Full Collapse","2001","album","Victory","1ZYIBPNPc55E7LWg1ZBXhM"
"Telefon Tel Aviv","Fahrenheit Fair Enough","2001","album","Ghostly International","27teXombBxDGNa9f5jtOr2"
"Slipknot","Iowa","2001","album","Roadrunner Records","5Zs0mNCTs73CqPKbZPWFX9"
"The Gathering","If_then_else","2000-07-13","album","Century Media","6ldSMLVCxIzdVXuLspsDJo"
"Recoil","Liquid (Bonus Tracks)","2000-01-01","album","Mute","6WzHi3cq9KJU8pqlNuuDc7"
"U2","All That You Can't Leave Behind","2000-01-01","album","Universal-Island Records Ltd.","7a5U0GPoAvT3gvEY66FRuN"
"Bon Jovi","Crush","2000-01-01","album","Island Records","0Q9SljCrM0CL0bR23MuP69"
"Tantsy Minus","Флора и фауна","2000-01-01","album","Первое музыкальное Издательство","7q1PaIt12iXI2v0oW7qn44"
"RPWL","God Has Failed","2000","album","Gentle Art Of Music","02x3ZYMMigbHeF54GfRLcb"
"Drexciya","Neptune's Lair","1999-11-02","album","Tresor Records","7bBx5uPv2YgRIAFyXBWhEV"
"Bush","The Science Of Things (Remastered)","1999-10-26","album","Bush Catalog","4nyIZOdTVoGo94fIYU3foo"
"Nine Inch Nails","The Fragile","1999-09-21","album","Universal-Island Records Ltd.","4uiVwLbTzE6VMkXpaDAwB8"
"Red Hot Chili Peppers","Californication","1999-06-08","album","Warner Records","0fLhefnjlIV3pGNF9Wo8CD"
"Buckcherry","Buckcherry","1999-01-01","album","DreamWorks","3H83sHnGmb6Sn9toZchZho"
"Mesh","The Point at Which It Falls Apart","1999-01-01","album","Dependent","4xt1VXcKCFbPCt5te333OY"
"My Dying Bride","The Light At The End Of The World","1999","album","Snapper Music","20cIG6jxvP2JDDUz0w3op6"
"Limp Bizkit","Significant Other","1999","album","Interscope","3HCCUaRSjHSFOe4fqE0BiP"
"Iced Earth","Something Wicked This Way Comes","1998-07-13","album","Century Media","0fd4JVsaEIH2C8O5KYoCYw"
"Boards of Canada","Music Has The Right To Children","1998-04-20","album","Warp Records","1vWnB0hYmluskQuzxwo25a"
"Theatre Of Tragedy","Aégis","1998-01-01","album","Massacre Records","2nPrqxgMHaDfqW7VjuQYGE"
"The Smashing Pumpkins","Adore (Super Deluxe)","1998","album","SMASHING PUMPKINS - DEAL #2 PHYSICAL","7ysKTnHt4ve0MvIWm3vPdz"
"Deftones","Around the Fur","1997-10-27","album","Maverick","7o4UsmV37Sg5It2Eb7vHzu"
"The Rolling Stones","Bridges To Babylon (Remastered)","1997-09-29","album","Polydor Records","6lbQFxYqubkf4GbEtXARE7"
"Björk","Homogenic","1997-09-22","album","One Little Independent Records","3knDOJUQBAATXsKYLWO4k8"
"Oasis","Be Here Now (Remastered)","1997-08-21","album","Big Brother","4v3p8Xcv94Z7YAtlurC9Zi"
"The Prodigy","The Fat of the Land","1997-06-30","album","XL Recordings","4fdgcEVMdJe0KVgupMNJAP"
"Foo Fighters","The Colour And The Shape","1997-05-20","album","RCA Records Label","30ly6F6Xl0TKmyBCU50Khv"
"Delerium","Karma","1997-04-22","album","Nettwerk Records","7HbxWJRs6e8Sbo5eTyvFXO"
"Machine Head","The More Things Change...","1997-01-01","album","Roadrunner Records","60l0eb8lzf8jNF0K6XsbWL"
"Pearl Jam","No Code","1996-08-06","album","Epic","3FKhxgSZdtJBIjdHsjbxI0"
"Two Lone Swordsmen","The Fifth Mission (Return to the Flightpath Estate)","1996-08-01","album","Sabres of Paradise","007tzHgpqG9Rcu9zcOs8N8"
"Sepultura","Roots","1996-02-20","album","Roadrunner Records","5JjnPCfpp6redrkKpXZAs8"
"Metallica","Load","1996-01-01","album","Blackened Recordings / Universal Music","6ndH0UlQbyCOVqByMXXhdV"
"Ozzy Osbourne","Ozzmosis (Expanded Edition)","1995-10-23","album","Epic","5m8Fj0thHTE4CBGJTdF6s9"
"Sol Invictus","In the Rain","1995-10-16","album","Auerbach","0jGjfX5nOZKcYewcUNfGtv"
"Oasis","(What's The Story) Morning Glory? [Remastered]","1995-10-02","album","Big Brother","1VW1MFNstaJuygaoTPkdCk"
"Garbage","Garbage (20th Anniversary Edition)","1995-08-15","album","Infectious Music","6J6VzS5nLEzIdAynrYzqfk"
"Björk","Post","1995-06-13","album","One Little Independent Records","3p7WXDBxhC5KS9IFXnwae7"
"Mad Season","Above","1995-03-07","album","Columbia","24eGklcEnMaVcGXzmJSeoD"
"Van Halen","Balance","1995-01-24","album","Warner Records","2gGCd8YNjRYB6uuibDnTft"
"Tricky","Maxinquaye","1995-01-01","album","Universal-Island Records Ltd.","7qlZpMib7D0riFPQ5JHDT8"
"The Smashing Pumpkins","Mellon Collie And The Infinite Sadness (Deluxe Edition)","1995","album","Virgin Records","55RhFRyQFihIyGf61MgcfV"
"Pearl Jam","Vitalogy","1994-11-22","album","Epic/Legacy","5pd9B3KQWKshHw4lnsSLNy"
"Autechre","Amber","1994-11-07","album","Warp Records","7EfhvG3RwdhzXrFlkDVxg4"
"Massive Attack","Protection","1994-09-26","album","Circa","5CnZjFfPDmxOX7KnWLLqpC"
"Tiamat","Wildhoney","1994-09-01","album","Century Media","3cZKRfWxeGvhUKsH4VFhFf"
"No-Man","Flowermouth","1994-06-27","album","One Little Independent Records","5l8HAqlWmB5TpCes96FhOC"
"Stone Temple Pilots","Purple (2019 Remaster)","1994-06-07","album","Rhino Atlantic","57lcTrUlYgfMIPvBUsVU6h"
"Autechre","Basscadet Mixes","1994-04-25","album","Warp Records","2jtRXp9QAV9uHmLwyXOVgY"
"Nick Cave & The Bad Seeds","Let Love In (2011 Remastered Version)","1994-04-18","album","Mute, a BMG Company","0Ewp4PEIzkcAyrC463a5xF"
"The Offspring","Smash","1994-04-08","album","Epitaph","7IDywTRaCI8qzS3X8tNU3x"
"The Prodigy","Music for the Jilted Generation","1994-04-04","album","XL Recordings","4qhJwKBr2ksxAUFjfJd3rb"
"Soundgarden","Superunknown (Super Deluxe)","1994-03-09","album","Geffen","1SdZkHsfhkH5yiIzabc0xK"
"Nine Inch Nails","The Downward Spiral (Deluxe Edition)","1994-03-08","album","Interscope","5I7lLu8xXJfGRdFUqHaLQU"
"Portishead","Dummy","1994-01-01","album","Polydor Associated Labels","3539EbNgIdEDGBKkUf4wno"
"Delerium","Semantic Spaces","1994","album","Nettwerk Records","1x5QPR8erUmi4EbAbg8170"
"Mesh","Fragile","1994","album","Dependent","3cCctBlsvAh4sfZ5ZsFbQg"
"Ozric Tentacles","Arborescence","1994","album","Snapper Classics","3oUfIO5hLmeA3cAHtm3mpE"
"Autechre","Incunabula","1993-11-29","album","Warp Records","4KROnLN6Didp0F97RXaW7a"
"Pearl Jam","Vs.","1993-10-19","album","Epic/Legacy","3BSOiAas8BpJOii3kCPyjV"
"Sepultura","Chaos A.D.","1993-09-02","album","Roadrunner Records","5r4qa5AIQUVypFRXQzjaiu"
"Front 242","05:22:09:12 Off","1993-08-23","album","[PIAS] Recordings Catalogue","1CYhGUPafoE0rzMmbkcOp5"
"U2","Zooropa","1993-07-05","album","Universal-Island Records Ltd.","0IYjMBLA9PgtXyRPlLmTDE"
"The Cranberries","Everybody Else Is Doing It, So Why Can't We?","1993-03-01","album","Island Records","0AP5O47kJWlaKVnnybKvQI"
"Duran Duran","Duran Duran","1993-02-15","album","Parlophone UK","0PqCkTvKFJxzr9uujq7a3T"
"Aerosmith","Get A Grip","1993-01-01","album","Geffen","1tuM8yBePaekEruGsH2J79"
"Meat Loaf","Bat Out Of Hell II: Back Into Hell...","1993","album","Virgin Catalogue","4yIGqIF5oroPCLDUOOLYSO"
"Alice In Chains","Dirt (2022 Remaster)","1992-09-29","album","Columbia","58NXIEYqmq5dQHg9nV9duM"
"The Prodigy","Experience","1992-09-21","album","XL Recordings","7uSC6NXKlE3zGo0mu8Ik5r"
"Megadeth","Countdown To Extinction (Expanded Edition - Remastered)","1992-07-14","album","Capitol Records","1w9opfGdFtR3ulNHxnnO1e"
"Faith No More","Angel Dust","1992-06-08","album","London Records","59GwovfBk0Kp2HJw1G7E5Q"
"Aphex Twin","Selected Ambient Works 85-92","1992-02-10","album","R&S Records","7aNclGRxTysfh6z0d8671k"
"Iron Maiden","Fear of the Dark (2015 Remaster)","1992","album","Parlophone UK","16Su3EUFLPqWVyrwN1q5wO"
"W.A.S.P.","The Crimson Idol","1992","album","Snapper Music","1qIXNs2KIv1DfO01lwoUfz"
"U2","Achtung Baby (Deluxe Edition)","1991-11-18","album","Universal-Island Records Ltd.","0ta5VdkJcpdVnNrn7g4cZe"
"Red Hot Chili Peppers","Blood Sugar Sex Magik (Deluxe Edition)","1991-09-24","album","Warner Records","30Perjew8HyGkdSmqguYyg"
"Guns N' Roses","Use Your Illusion II","1991-09-18","album","Guns N Roses P&D","00eiw4KOJZ7eC3NBEpmH4C"
"Guns N' Roses","Use Your Illusion I","1991-09-17","album","Guns N Roses P&D","0CxPbTRARqKUYighiEY9Sz"
"Pearl Jam","Ten","1991-08-27","album","Epic/Legacy","5B4PYA7wNN4WdEXdIJu58a"
"Massive Attack","Blue Lines (2012 Mix/Master)","1991-06-10","album","Virgin Catalogue","5mAPk4qeNqVLtNydaWbWlf"
"Bathory","Twilight of the Gods","1991-01-01","album","Black Mark","0FmBbJxLRihQoFsTi3cxg7"
"Biosphere","Microgravity","1991-01-01","album","Biophon Records","0ohMmGO07pnXECSdpHrWvj"
"Fates Warning","Parallels","1991","album","Metal Blade Records","0nULbH3SHgN9K6ES56sw0I"
"Kreator","Coma of Souls","1990-11-06","album","Noise Records","6yw0WeTVdpFrbUmDQ7Vluu"
"Megadeth","Rust In Peace (Expanded Edition)","1990-10-04","album","Capitol Records","0qaLL09EtF1hiUis7PRvaJ"
"Iron Maiden","No Prayer for the Dying (2015 Remaster)","1990-10-01","album","Parlophone UK","21ZEAwY2TDnoQvVMJKkjUk"
"AC/DC","The Razors Edge","1990-09-24","album","Columbia","4vu7F6h90Br1ZtYYaqfITy"
"Robert Plant","Manic Nirvana","1990-03-19","album","Es Paranza","3BiwdeeGEhgxojoZISTe2J"
"Slayer","Seasons In The Abyss","1990-01-01","album","American Recordings Catalog P&D","49QJ9TAWNqZGbFUvadXPgT"
"Tears For Fears","The Seeds Of Love","1989-09-25","album","UMC (Universal Music Catalogue)","4oel5wcfKxpWxJuC4VbtuO"
"Red Hot Chili Peppers","Mother's Milk","1989-08-16","album","Capitol Records","1oOkcBu5bgkUzZTvKD1m8z"
"Nirvana","Bleach","1989-06-01","album","Sub Pop Records","1KVGLuPtrMrLlyy4Je6df7"
"The Cure","Disintegration (Remastered)","1989-05-02","album","UMC (Universal Music Catalogue)","6DZNOsLXIU2zOQfQDwDpIS"
"Sepultura","Beneath the Remains","1989-04-07","album","Roadrunner Records","3BDZvMYxZ6E8IuSQL2ew6Z"
"Kreator","Extreme Aggression","1989","album","Noise Records","5iN66znBhr5nr0nuGYDG2A"
"Faith No More","The Real Thing","1989","album","London Records","6LEP3L94jnkqjOxYJWPRP0"
"King Diamond","Them","1988-09-13","album","Metal Blade Records","24Q1XHD9hhZl5FULWmG58H"
"Metallica","…And Justice for All (Remastered Deluxe Box Set)","1988-08-25","album","Blackened Recordings / Universal Music","2bKDte0I4SceROjBMtYtKV"
"Judas Priest","Ram It Down","1988-05-03","album","Columbia","1t2M4YmH8x9Tplcxq08H5l"
"AC/DC","Blow Up Your Video","1988-02-01","album","Columbia","5jfgUmvXCar7Qf5lidVkqI"
"Slayer","South Of Heaven","1988-01-01","album","American Recordings Catalog P&D","2UqJjz5eMYRzbbKToD3Peh"
"Helloween","Keeper of the Seven Keys, Pt. II (Expanded Edition)","1988","album","Noise Records","0C00ibrtAGw59osJUg5qOO"
"Queensrÿche","Operation: Mindcrime (Remastered / Expanded Edition)","1988","album","EMI/EMI Records (USA)","16VzTNaeadMjxI03Xi9s6n"
"Sepultura","Schizophrenia","1987-10-30","album","Roadrunner Records","6HKTApHHNPs9EmWrbPWnRl"
"Def Leppard","Hysteria","1987-08-03","album","UMC (Universal Music Catalogue)","1ja2qzCrh6bZykcojbZs82"
"Marillion","Clutching at Straws","1987-06-12","album","Parlophone UK","7M6qdztBAZADkaYJ6bIEhF"
"Metallica","Master Of Puppets (Remastered)","1986-03-03","album","Blackened Recordings / Universal Music","2Lq2qX3hYhiuPckC8Flj21"
"Slayer","Reign In Blood (Expanded)","1986-01-01","album","American Recordings Catalog P&D","5v5BfkxWDAKTkzrXl3H0mU"
"Dead Can Dance","Spleen and Ideal (Remastered)","1985-11-25","album","4AD","7IgLPZ9tOiMkipNL9AUUtq"
"Simple Minds","Once Upon A Time","1985-10-21","album","Virgin Records","5Q74XTJr0l3sVQXprBeoT1"
"Marillion","Misplaced Childhood (2017 Remaster)","1985-06-17","album","Rhino","3ExyKxlUkqD41I8tQumMDF"
"Razor","Evil Invaders","1985-01-01","album","UNIDISC MUSIC INC.","13Gwqcdlidz0lKhBw7hm5H"
"Bruce Springsteen","Born In The U.S.A.","1984-06-04","album","Columbia","0PMasrHdpaoIRuHuhHp72O"
"Scorpions","Love At First Sting (Deluxe Edition)","1984-03-27","album","BMG Rights Management GmbH","14kTyafNZvlbn586zryGww"
"Alphaville","Forever Young (Super Deluxe Edition; 2019 Remaster)","1984","album","WM Germany","1BAmE3bdBnxej0umzyHQ5x"
"Exciter","Violence & Force","1984","album","Megaforce","76Hn9C2wEIPZWYw30jyHcm"
"Mötley Crüe","Shout At The Devil","1983-09-26","album","BMG Rights Management (US) LLC","7xuz2r1QalMeEVkYuDfPgY"
"Def Leppard","Pyromania","1983-01-20","album","UMC (Universal Music Catalogue)","5ab6RIlAGwbVAacV1JIr2d"
"Marillion","Script for a Jester's Tear","1983","album","Parlophone UK","5mbtDQJwsioLCEGIT1cbOJ"
"Robert Plant","The Principle of Moments","1983","album","Es Paranza","7GwY9afibQt4oUfsOucXpl"
"The Cure","Pornography (Deluxe Edition)","1982-05-04","album","UMC (Universal Music Catalogue)","5O5mnof890aQ1Wn42H5pCW"
"Judas Priest","Screaming For Vengeance (Expanded Edition)","1982","album","Sony Music UK","55MZQrenomrTq0aQneC7Pi"
"U2","October (Remastered)","1981-10-12","album","Universal-Island Records Ltd.","1CZ5aEhYDBEU0HdIdqLMo6"
"Rush","Moving Pictures (2011 Remaster)","1981-02-12","album","Mercury Records","2xg7iIKoSqaDNpDbJnyCjY"
"New Order","Movement","1981-01-13","album","Rhino","2DI73ocB6x1ExxoJbT4QI8"
"Motörhead","Ace of Spades","1980-11-08","album","Sanctuary Records","7cTXWw02BWHxyH77wRfhuQ"
"AC/DC","Back In Black","1980-07-25","album","Columbia","6mUdeDZCsExyJLMdAfDuwh"
"Albert Mangelsdorff Quintet","Now Jazz Ramwong","1980","album","L+R Records","6uLCI0DJ5aBAKm6K9JWZmF"
"Joy Division","Unknown Pleasures","1979-06-15","album","Rhino","5Dgqy4bBg09Rdw7CQM545s"
"Motörhead","Overkill","1979-03-24","album","Sanctuary Records","1hindeJXXIjo4qrTOOusGG"
"The Police","Outlandos D'Amour (Remastered 2003)","1978-11-02","album","Polydor Records","1H9g6j4Wwj6wh6p8YHVtkf"
"Blondie","Parallel Lines (Remastered)","1978-09-01","album","Chrysalis\EMI Records (USA)","5wc12ZsmXNIlppTmNFZFLU"
"The Cars","The Cars","1978-06-06","album","Elektra Records","4tJPWT4r4FSKwy784Qs1Fq"
"Peter Gabriel","Peter Gabriel 1: Car (Remastered)","1977","album","Real World Productions Ltd.","0kDFjyfGFtiIMXlxJ120Ok"
"Aerosmith","Rocks","1976-05-14","album","Columbia","5Uv5LmSKTT9okGkr3l9MjR"
"KISS","Destroyer (Resurrected)","1976-03-15","album","Island Def Jam","2gxSKo4rYBdHjRIbAUnRM2"
"Sweet","Give Us A Wink","1976-02-16","album","RCA Records Label","29WXMfS3vm665w1vODfjxM"
"Rainbow","Rising","1976","album","UMC (Universal Music Catalogue)","2MJ7kKTJM7zQJMFF83h71Y"
"Keith Jarrett","The Köln Concert","1975-11-30","album","ECM Records","0I8vpSE1bSmysN2PhmHoQg"
"Led Zeppelin","Physical Graffiti (Deluxe Edition)","1975-02-24","album","Atlantic Records","26tH0kjUhkxBEd3ipGkx3Y"
"Genesis","The Lamb Lies Down On Broadway (Remastered 2008)","1974-11-18","album","UMC (Universal Music Catalogue)","6kuKRIu6YGYxQLwasTL3Gx"
"Sweet","Sweet Fanny Adams (New Extended Version)","1974-04","album","Sony Music Catalog","6VO2Snr3GpwW3uAd9qZtmt"
"Hawkwind","Hall of the Mountain Grill","1974","album","Parlophone UK","0CIh8QCK9o0mKyzzNWzjUZ"
"Montrose","Paper Money","1974","album","Rhino/Warner Records","7LtLWWNYpD5L0rTVSHPz3v"
"ZZ Top","Tres Hombres (Expanded 2006 Remaster)","1973-07-26","album","Rhino/Warner Records","0Em8m9kRctyH9S3MTXAHvY"
"Yes","Close to the Edge (Deluxe Edition)","1972-09-13","album","Rhino/Elektra","6344rkGqCBDenGoS7eJlBN"
"The Doors","L.A. Woman","1971-04-19","album","Rhino/Elektra","7IKUTIc9UWuVngyGPtqNHS"
"David Bowie","The Man Who Sold the World (2015 Remaster)","1970-11-04","album","Parlophone UK","4h9rWFWhgCSSrvIEQ0YhYG"
"Black Sabbath","Paranoid","1970-09-18","album","Sanctuary Records","5IvnJVJAWgm1agSGTFxdGb"
